,2484
left_eye_center_x,50.062656
left_eye_center_y,47.1695616
right_eye_center_x,11.844672
right_eye_center_y,41.7951552
left_eye_inner_corner_x,
left_eye_inner_corner_y,
left_eye_outer_corner_x,
left_eye_outer_corner_y,
right_eye_inner_corner_x,
right_eye_inner_corner_y,
right_eye_outer_corner_x,
right_eye_outer_corner_y,
left_eyebrow_inner_end_x,
left_eyebrow_inner_end_y,
left_eyebrow_outer_end_x,
left_eyebrow_outer_end_y,
right_eyebrow_inner_end_x,
right_eyebrow_inner_end_y,
right_eyebrow_outer_end_x,
right_eyebrow_outer_end_y,
nose_tip_x,25.5792
nose_tip_y,72.8472768
mouth_left_corner_x,
mouth_left_corner_y,
mouth_right_corner_x,
mouth_right_corner_y,
mouth_center_top_lip_x,
mouth_center_top_lip_y,
mouth_center_bottom_lip_x,24.98208
mouth_center_bottom_lip_y,86.581824
Image,177 174 167 150 122 106 93 101 115 112 105 95 85 85 85 86 86 85 85 84 83 83 83 85 86 87 88 88 88 89 89 89 89 88 88 88 89 90 93 96 98 99 92 88 89 89 90 92 93 95 96 97 98 99 100 100 101 102 103 102 100 99 99 100 100 102 103 102 101 99 97 95 95 96 96 94 93 90 89 88 87 85 77 68 55 42 31 23 22 22 24 25 20 18 19 20 178 173 162 143 114 101 93 103 118 111 99 92 84 84 83 84 84 84 84 85 85 85 85 87 87 88 88 88 88 90 90 91 91 90 89 89 89 90 93 95 98 99 93 90 91 91 92 93 94 96 97 98 99 100 101 101 102 102 102 101 99 99 99 99 99 101 101 100 99 97 96 94 95 98 98 95 94 91 89 87 85 82 75 67 56 45 36 28 25 23 26 27 21 18 18 19 180 172 152 129 98 91 92 106 123 109 88 84 82 81 80 80 80 82 83 86 88 89 90 90 90 89 89 87 89 91 93 96 96 95 92 90 89 89 92 94 97 99 95 94 94 94 95 95 97 98 99 100 101 101 102 102 103 101 99 99 98 99 99 98 98 98 98 96 95 94 93 91 94 101 102 98 95 92 88 84 80 77 71 65 57 51 45 39 31 26 30 31 23 19 17 16 177 167 145 121 92 88 92 106 123 107 84 82 81 80 79 80 80 81 83 87 89 90 91 91 91 90 89 87 89 92 94 97 97 96 94 91 90 90 93 95 98 99 96 95 95 95 96 96 98 98 99 100 101 101 102 102 102 101 100 100 100 100 100 99 99 98 97 95 94 93 92 90 94 101 102 98 95 92 88 84 80 76 71 66 59 54 49 44 35 30 33 34 26 21 18 17 169 159 137 115 90 87 92 104 120 105 84 82 81 80 80 81 81 82 84 86 88 90 91 91 91 91 90 88 90 93 95 97 97 96 95 93 92 92 95 96 99 100 97 95 95 95 96 96 97 97 98 99 100 100 100 100 101 102 102 102 102 102 102 101 100 99 98 96 95 93 92 91 93 99 100 97 94 91 88 85 82 78 73 68 61 56 51 46 39 35 38 37 29 23 21 20 160 150 127 108 88 87 93 103 115 102 84 82 81 80 81 82 82 83 84 86 87 89 90 91 91 92 91 89 91 94 95 97 97 97 96 95 94 94 96 97 100 101 98 96 96 96 97 97 97 97 98 99 100 100 100 100 100 102 105 105 104 103 103 102 101 100 99 97 96 94 93 92 93 97 97 95 93 91 89 86 83 80 75 70 63 57 51 47 42 40 41 40 32 26 25 24 149 138 115 100 85 87 95 102 110 99 85 82 80 81 82 83 83 84 85 86 86 88 89 91 92 93 93 91 92 95 96 97 97 98 98 97 97 97 98 99 101 102 100 98 98 98 98 98 98 98 98 98 99 99 99 99 99 103 107 107 107 106 105 104 103 101 100 99 98 97 96 94 94 95 95 93 91 90 90 89 86 83 78 72 65 58 52 48 46 45 45 43 35 30 29 29 141 130 107 94 84 87 95 100 104 95 84 81 79 81 82 84 84 85 86 86 86 88 89 91 92 93 93 92 93 95 96 97 97 98 98 98 99 99 100 101 103 103 100 98 98 98 98 98 99 99 99 99 99 99 100 100 99 103 107 107 107 106 105 104 103 101 100 99 98 98 97 96 96 95 94 93 93 92 91 90 88 85 80 74 66 59 52 48 48 48 46 42 35 31 32 32 134 123 99 89 83 87 95 97 98 91 82 80 78 81 83 85 86 87 87 87 87 88 89 91 93 94 94 93 94 96 96 97 97 98 99 100 101 102 103 104 105 104 101 99 99 99 99 99 100 100 100 100 100 100 101 101 100 103 106 106 106 105 104 103 102 101 101 100 99 99 99 99 98 96 95 95 95 94 93 92 90 87 82 76 68 60 53 48 50 51 45 39 33 31 34 35 129 118 94 86 84 89 97 97 94 89 83 81 78 81 83 85 86 87 88 87 87 88 89 91 93 94 95 94 94 96 96 96 97 98 99 100 102 103 104 104 105 104 101 100 100 100 100 100 101 101 101 101 102 102 102 102 102 103 104 104 103 103 102 101 101 100 100 100 99 100 101 101 100 98 97 96 96 95 94 93 91 88 82 76 68 60 53 48 50 51 43 36 30 28 33 35 124 113 90 84 86 92 100 96 90 87 84 82 79 81 83 85 87 88 89 88 88 88 89 91 93 95 96 95 95 95 95 95 96 98 99 101 103 104 105 105 105 105 102 101 101 101 101 101 102 102 103 103 104 104 103 103 104 103 101 101 100 100 100 99 99 98 98 99 100 102 103 104 103 100 99 98 98 97 96 94 92 89 83 77 69 61 54 48 50 50 40 32 26 25 32 35 121 110 89 84 87 93 102 97 89 87 85 83 80 81 83 85 87 88 89 88 89 89 90 92 93 95 96 95 95 95 95 95 96 97 99 101 103 105 105 105 105 105 102 101 101 101 102 102 103 104 105 105 106 106 106 106 107 105 102 102 101 100 100 99 98 98 98 99 100 102 103 105 104 100 99 98 98 97 96 94 92 89 84 78 70 63 56 51 53 52 39 30 24 24 31 35 117 107 87 83 88 95 104 98 88 87 86 84 81 82 83 85 86 87 88 89 90 91 92 94 94 96 96 96 95 94 94 94 95 96 99 102 104 106 105 105 104 104 103 102 102 102 103 104 105 106 107 108 109 109 110 110 111 107 103 103 102 101 100 98 97 98 98 99 101 103 104 106 105 101 99 97 97 96 95 93 92 90 85 80 72 65 59 55 56 54 38 27 22 22 30 34 112 104 86 83 89 96 106 100 90 89 90 87 83 83 84 85 85 87 88 90 91 92 93 94 94 95 95 95 94 92 92 91 93 95 98 102 104 106 106 106 104 103 102 102 103 103 104 106 107 109 110 111 112 113 114 114 115 112 109 108 107 105 103 101 100 99 99 100 100 102 103 105 103 99 96 94 94 94 93 91 91 90 87 83 76 71 66 62 63 60 41 27 21 21 31 36 108 101 85 83 89 97 107 101 91 91 93 89 84 84 84 85 85 87 88 91 92 93 94 94 94 95 95 95 94 91 90 89 91 94 98 102 104 106 106 106 104 102 102 102 103 104 105 107 109 111 112 113 115 116 118 118 119 117 114 113 111 108 105 103 102 100 99 100 100 101 102 104 102 97 94 92 92 92 91 90 90 90 88 85 80 76 72 69 69 65 43 27 21 21 32 37 105 98 84 83 89 98 108 103 94 94 95 91 85 85 84 84 84 86 87 91 93 94 95 95 95 94 94 94 93 90 89 88 90 93 97 101 104 106 105 105 103 101 102 102 103 105 106 108 110 112 114 115 117 118 120 121 122 121 120 118 116 113 109 106 104 101 100 100 100 100 101 102 100 94 91 90 89 89 89 89 89 90 89 87 83 81 77 75 75 71 48 30 23 23 33 38 103 97 85 84 90 98 109 105 96 96 97 92 87 86 85 84 84 85 87 91 93 95 96 96 96 94 94 94 92 90 88 87 89 93 97 102 104 105 104 104 102 101 101 101 103 105 106 108 111 113 115 117 119 120 122 122 123 123 124 122 120 116 112 109 106 102 101 101 100 100 100 101 98 92 89 88 87 86 87 89 89 90 89 87 85 83 81 79 79 75 50 32 26 25 34 38 107 102 92 91 95 100 107 105 99 97 94 93 93 91 88 86 85 86 86 89 91 93 94 94 94 93 93 92 91 91 90 90 93 97 101 105 103 100 97 95 97 98 96 97 101 104 107 108 109 110 111 114 118 119 120 118 116 118 122 120 118 114 111 110 108 106 105 104 103 101 100 99 97 95 93 89 86 85 87 90 90 89 85 81 79 78 79 81 78 72 45 29 30 33 38 41 110 106 97 96 99 103 108 106 102 97 91 94 97 94 92 89 87 87 87 88 89 91 92 91 91 92 91 90 90 92 92 92 95 100 104 108 102 97 92 89 93 96 94 95 100 104 107 108 107 108 109 112 118 119 118 116 112 115 120 118 116 113 111 110 109 108 108 107 105 102 100 98 97 98 95 89 86 85 87 91 90 89 83 76 75 74 78 82 78 70 42 26 33 38 41 43 111 107 98 99 103 109 115 112 106 98 89 92 97 95 94 92 91 90 89 89 90 90 89 88 88 88 88 88 89 93 93 93 96 99 104 109 103 98 92 89 94 98 98 98 101 103 104 106 108 110 112 114 117 118 118 118 118 118 118 116 114 111 109 108 107 107 107 106 104 101 99 98 97 96 93 88 86 85 87 90 89 88 83 77 76 76 79 82 77 69 43 28 34 38 42 45 112 107 98 98 103 110 117 114 107 97 87 90 96 95 95 94 93 92 91 90 90 89 88 86 86 86 87 87 90 94 94 93 96 99 104 110 104 98 92 89 95 99 100 100 100 101 102 104 109 111 113 115 115 116 117 120 122 120 117 115 113 110 108 107 106 106 106 105 104 101 99 98 97 95 92 87 86 85 87 90 89 87 83 78 77 77 80 82 75 67 44 29 34 38 43 46 111 104 93 91 94 100 107 105 101 94 85 88 93 92 92 93 92 91 90 89 89 88 88 88 88 89 89 89 92 96 95 93 95 98 103 110 104 98 92 89 96 101 101 100 97 97 99 102 108 112 115 115 113 113 115 119 124 121 117 116 114 111 108 107 106 105 105 104 103 100 98 97 95 93 90 86 85 85 86 89 88 86 83 79 78 78 81 81 73 64 43 30 33 37 44 47 111 104 91 88 88 92 97 96 94 89 83 85 88 89 89 90 91 89 89 88 88 88 89 90 90 91 92 93 95 99 97 94 95 97 102 109 103 97 92 89 96 102 100 99 96 95 98 102 109 114 117 116 113 113 114 118 124 122 118 117 115 112 109 107 106 105 105 104 102 99 96 95 93 91 89 86 85 85 86 87 87 86 83 80 79 79 81 81 72 61 44 32 33 37 44 48 114 108 95 89 86 85 84 83 83 82 81 81 81 83 84 86 87 88 88 88 88 89 90 92 94 95 97 100 101 103 101 97 97 96 101 105 100 96 90 87 96 102 99 96 95 97 101 106 113 117 118 118 116 115 115 117 120 121 122 121 118 114 110 109 107 106 105 102 100 97 95 93 91 90 87 86 86 86 86 86 85 84 83 81 80 80 81 80 70 60 45 35 34 36 43 47 112 108 98 91 86 80 73 70 68 69 71 72 73 76 78 82 85 87 88 89 89 90 92 94 95 96 100 106 107 106 103 99 98 97 99 102 97 94 90 88 96 101 98 96 98 101 106 111 117 121 122 122 121 119 118 117 117 121 124 122 119 115 112 109 107 106 105 102 100 97 94 91 90 89 87 86 86 86 86 85 85 84 83 81 80 80 81 79 69 59 46 37 35 36 43 47 106 104 100 95 88 76 61 53 45 47 50 55 61 66 70 76 81 85 90 91 93 93 93 95 96 96 102 113 114 109 105 101 99 98 98 97 93 91 90 90 95 100 98 98 104 109 116 121 124 127 128 129 129 127 124 119 115 119 126 123 120 117 113 111 109 107 105 103 100 96 93 90 88 87 87 88 87 86 85 84 83 82 82 82 81 81 79 77 68 58 48 40 37 38 45 48 103 102 101 97 91 77 58 47 36 36 38 44 50 55 61 69 76 82 89 92 95 96 97 99 99 98 105 117 117 108 105 103 102 102 98 93 91 90 92 94 96 98 99 102 109 116 123 127 129 131 132 133 134 131 126 120 113 117 123 121 118 115 112 110 108 106 105 103 100 96 93 89 88 87 87 89 88 87 86 84 82 81 81 81 80 80 78 75 67 59 49 43 41 41 47 50 100 100 101 99 95 81 60 47 34 31 31 34 37 43 49 59 68 77 87 93 97 100 102 104 104 103 110 122 118 105 103 104 105 107 99 90 89 89 95 100 98 97 101 107 116 124 130 133 134 135 136 136 137 133 127 120 111 114 118 116 114 111 109 107 106 104 104 102 100 97 94 90 89 87 88 90 90 89 87 83 81 79 79 80 79 78 76 72 66 61 52 47 46 46 52 55 104 106 108 107 105 94 76 63 51 48 46 42 37 42 46 55 63 71 79 86 92 97 100 104 105 105 111 122 116 99 99 104 107 111 101 88 90 91 100 107 100 97 102 109 116 123 128 130 130 131 131 131 131 127 121 115 108 109 111 110 108 105 103 102 102 102 102 101 100 98 95 92 90 88 89 91 92 91 87 82 80 78 78 80 78 77 73 69 65 61 55 51 51 53 58 61 112 115 119 121 121 113 100 90 80 77 75 60 44 46 48 52 57 63 68 75 82 90 95 101 105 107 112 121 112 92 94 103 110 116 103 87 91 94 106 114 103 96 103 109 114 117 121 122 123 123 122 120 119 116 111 107 102 102 102 101 99 97 96 96 96 98 99 99 100 99 97 94 93 89 90 93 93 92 87 81 78 76 77 79 77 76 71 67 64 62 57 56 58 62 67 69 110 115 125 129 130 125 116 108 100 97 94 79 63 60 58 57 56 57 59 64 70 79 86 94 99 102 108 118 108 86 90 102 112 121 106 87 92 97 110 120 106 96 103 107 108 108 110 111 113 113 112 109 105 102 99 97 96 95 94 93 92 90 90 92 93 95 97 99 100 100 99 97 95 91 91 95 95 93 87 81 78 76 77 79 77 75 69 65 64 63 60 59 63 68 73 76 105 112 128 135 139 136 132 125 119 116 113 101 87 79 72 63 55 51 49 51 56 65 74 84 90 96 103 114 103 80 86 101 114 126 109 88 94 100 114 125 109 97 102 104 100 98 97 98 101 101 100 96 90 87 84 86 89 87 85 85 84 84 84 87 89 92 96 98 100 101 101 99 97 93 93 97 97 94 88 80 77 75 76 78 76 74 68 63 64 65 62 63 68 74 79 82 128 128 128 129 132 128 120 117 115 116 117 109 102 95 88 78 69 63 58 60 63 68 73 79 84 89 93 97 91 79 85 100 107 112 100 85 91 96 105 111 101 94 95 94 91 89 87 86 85 83 80 76 72 69 67 69 72 68 63 65 66 73 79 82 85 85 88 92 96 100 102 103 102 98 97 97 96 93 89 85 82 79 77 76 74 72 69 67 66 66 64 64 68 73 80 83 158 148 127 121 123 115 102 102 106 111 118 116 115 111 106 96 87 79 73 74 75 74 75 75 78 82 81 78 77 78 86 98 98 94 88 81 86 91 92 93 92 90 86 82 81 80 77 73 67 62 57 54 52 50 49 50 52 44 35 40 45 61 74 77 79 77 77 84 90 98 104 109 109 105 102 97 94 92 91 91 88 84 79 73 71 69 71 72 69 67 66 65 67 71 80 84 158 148 128 121 119 111 100 101 105 111 118 122 126 124 122 112 103 94 88 93 98 104 104 97 88 75 71 73 75 78 87 99 98 93 88 81 85 89 86 84 82 79 72 67 64 62 57 53 46 42 39 37 37 38 40 42 45 42 37 40 44 58 68 71 74 72 73 79 85 91 97 101 103 101 99 96 94 92 91 91 88 84 78 72 70 67 67 68 68 69 69 69 71 74 80 84 154 146 130 122 116 108 100 101 105 112 119 128 137 138 138 129 119 109 103 114 124 136 137 122 101 68 60 69 74 78 88 101 100 95 89 82 84 86 80 75 71 66 58 51 46 42 36 31 25 22 20 20 22 27 32 36 40 41 41 43 46 55 62 65 68 68 69 75 79 84 88 92 94 95 95 94 93 92 91 90 87 83 77 71 68 65 63 63 67 71 72 73 75 77 81 83 139 133 123 113 101 93 87 87 89 93 98 104 110 114 117 115 111 103 99 107 116 132 134 119 96 58 51 63 70 75 87 102 99 93 86 77 80 82 76 71 66 62 57 53 50 46 41 37 32 31 30 32 36 41 47 52 56 58 60 59 59 62 64 67 70 72 74 79 82 87 90 91 92 91 92 93 93 93 92 91 88 84 80 75 71 67 64 62 66 69 69 70 72 74 76 78 123 120 116 104 85 78 75 73 72 74 76 80 84 90 96 100 102 98 96 100 108 127 130 115 91 50 42 58 66 73 86 102 99 92 83 72 76 78 72 67 62 58 58 56 54 51 47 44 41 41 42 45 51 57 63 68 72 76 78 75 71 68 66 68 71 75 79 82 85 89 91 90 90 88 89 92 93 94 93 91 88 85 82 79 74 69 65 61 65 67 66 66 69 71 72 73 107 107 109 97 75 67 64 60 56 54 53 54 54 61 69 81 91 91 90 85 86 97 101 98 85 60 53 55 62 73 87 103 96 86 74 62 67 71 71 70 69 69 73 76 77 77 77 78 79 80 81 83 85 87 90 92 93 91 88 83 77 69 62 64 68 75 81 83 86 91 93 92 92 90 92 96 97 98 95 92 88 84 82 80 75 70 63 58 59 59 56 55 59 62 63 64 93 96 104 93 67 59 57 50 43 39 35 33 29 37 46 65 82 85 85 72 66 70 75 82 80 70 62 53 59 74 88 104 94 81 67 52 59 66 70 73 75 78 86 93 96 100 104 107 112 114 116 117 116 115 113 113 112 105 98 91 84 70 58 62 66 76 83 84 87 92 94 94 93 92 94 99 100 100 96 91 87 83 81 79 74 69 61 55 54 53 47 45 50 53 55 56 91 96 106 97 75 69 70 63 55 50 45 39 33 39 46 65 81 86 85 68 57 58 61 73 76 74 66 54 60 78 93 110 98 80 63 46 55 62 70 77 79 83 89 95 100 106 113 120 126 131 134 134 131 128 125 122 118 115 111 104 96 78 62 66 70 81 88 88 88 93 96 97 96 93 94 97 98 96 92 87 82 77 75 73 69 65 57 51 50 49 42 38 43 47 49 51 91 97 107 101 83 80 82 75 67 62 57 49 40 45 50 68 82 86 85 65 53 50 53 66 72 74 68 54 62 82 98 115 102 81 62 43 52 61 71 79 83 86 88 92 99 106 116 125 133 139 144 143 141 137 132 128 123 123 124 117 109 87 67 71 76 86 93 89 88 92 95 98 97 92 92 94 94 91 87 81 77 71 70 69 65 61 55 50 49 47 39 34 39 43 46 48 97 101 108 104 93 93 96 93 89 85 81 75 68 70 73 82 90 89 84 70 61 62 63 69 68 61 58 56 68 89 105 122 108 86 68 49 59 68 76 82 82 80 72 68 75 82 92 102 112 120 127 130 132 131 128 127 124 130 137 133 127 102 80 82 85 93 97 87 81 84 87 90 89 82 80 82 81 79 76 72 70 67 66 66 65 64 60 58 55 52 44 40 45 48 51 52 103 104 107 105 101 104 107 106 105 102 99 95 91 92 92 96 97 92 86 76 71 73 74 73 67 53 52 59 74 94 110 125 111 90 73 55 66 77 82 85 82 76 60 50 56 62 72 81 91 100 109 115 120 122 122 123 122 132 142 140 137 110 87 88 91 96 98 83 74 76 78 82 82 75 72 73 72 70 69 66 66 65 65 66 67 67 66 66 60 56 50 47 52 56 57 58 113 109 103 103 107 110 112 111 111 109 106 108 110 111 113 110 107 98 92 88 86 89 89 82 73 57 57 68 82 99 111 123 109 89 77 65 79 92 94 94 85 74 53 39 42 45 51 56 64 72 82 89 98 102 107 109 112 119 127 128 129 103 81 86 90 94 93 75 63 64 67 73 74 72 70 70 69 68 68 68 68 70 70 71 73 74 75 75 66 58 58 59 66 70 70 70 122 115 101 102 111 114 113 113 113 111 108 113 118 120 123 117 111 102 95 94 95 97 96 88 77 63 64 76 88 101 111 120 106 87 79 72 90 106 105 103 89 75 51 36 36 36 38 39 45 51 61 68 78 84 91 95 99 104 111 115 119 95 75 83 89 94 93 72 59 61 65 71 74 75 73 72 70 69 70 72 73 74 74 75 77 78 81 82 69 60 64 69 77 81 80 79 133 123 102 103 115 116 112 110 108 106 103 107 111 115 119 114 109 101 96 95 95 95 93 87 82 75 77 84 93 102 108 113 101 82 80 80 101 121 118 114 97 80 59 44 41 37 34 32 33 35 41 47 55 62 69 72 76 81 87 95 102 83 68 80 90 98 99 78 67 70 76 83 88 88 87 83 80 79 80 82 82 81 79 77 78 79 83 84 68 59 68 76 87 92 89 88 137 129 111 110 118 117 112 110 109 107 105 106 108 111 113 111 109 105 102 100 98 93 88 83 80 78 81 88 95 101 104 106 96 82 84 88 108 127 123 118 99 82 67 56 50 46 40 36 35 36 40 43 48 53 56 58 59 66 73 81 88 75 66 78 89 98 101 85 77 80 84 89 93 95 93 86 83 82 83 86 84 82 81 80 83 86 89 89 74 65 76 85 91 94 94 94 134 132 131 126 119 116 114 115 116 117 119 113 106 105 105 108 111 114 116 111 104 91 81 73 70 70 77 90 95 98 98 96 93 87 93 100 112 124 118 111 96 84 78 74 69 64 59 57 56 57 58 59 59 56 53 49 46 54 66 69 72 71 71 80 88 95 99 96 93 92 91 89 90 95 91 82 79 78 80 82 80 76 81 87 95 102 101 99 90 84 93 96 90 88 96 99 124 126 132 129 119 118 119 121 122 123 124 117 110 107 105 110 114 119 121 115 106 91 79 71 68 70 76 88 93 96 94 91 90 87 93 101 111 121 117 113 101 91 85 82 79 78 76 76 76 77 78 76 74 69 62 58 52 61 72 73 73 74 76 82 87 92 96 98 98 95 93 88 89 94 91 81 78 78 79 81 78 75 83 94 105 115 112 108 97 90 98 100 92 90 100 104 106 109 118 120 118 122 127 128 129 127 124 122 118 116 114 116 118 120 120 114 105 92 82 76 73 75 78 83 88 93 93 90 87 82 87 94 106 118 120 120 113 104 90 82 86 89 95 99 102 103 102 100 96 91 85 82 79 84 91 89 86 85 84 85 86 89 91 93 93 91 90 87 89 93 90 82 79 81 80 80 78 76 88 103 116 128 123 117 99 88 95 99 99 101 107 110 95 99 108 112 113 119 127 129 128 124 119 119 118 116 115 116 116 117 116 109 102 91 83 78 77 79 80 82 85 91 91 89 85 79 85 92 106 121 126 129 124 116 96 85 91 96 104 109 114 116 115 113 109 105 101 98 95 99 105 102 98 93 90 88 87 88 89 90 91 90 90 89 90 93 90 82 81 83 82 81 80 79 96 115 128 141 132 122 99 83 89 95 102 108 112 113 87 90 98 102 105 113 122 124 123 118 111 112 112 111 111 111 111 111 109 103 97 89 84 80 80 81 82 81 84 89 89 87 83 77 84 94 111 128 136 141 136 128 105 91 97 102 110 115 121 124 125 123 120 117 115 112 110 114 120 116 110 103 96 92 89 87 87 88 89 91 92 92 92 92 89 83 82 85 84 82 83 85 106 130 143 155 141 125 97 76 80 88 104 114 114 115 89 91 96 98 97 103 111 114 115 111 107 108 108 108 109 108 108 106 103 98 93 88 84 81 81 82 83 85 88 91 89 86 83 79 89 101 120 139 145 150 143 135 115 103 105 107 109 112 116 119 121 121 122 120 118 116 114 118 123 118 113 106 100 94 90 89 88 89 91 93 95 96 95 92 89 83 82 84 84 83 88 94 117 144 153 161 141 120 91 70 73 81 99 109 110 110 94 95 97 95 88 89 95 100 103 103 104 104 104 106 106 106 105 101 98 93 89 85 84 82 82 82 86 92 94 94 92 87 85 83 97 112 133 152 157 159 150 140 129 120 115 111 107 104 105 107 112 115 119 119 118 116 114 117 120 117 113 108 102 97 93 91 90 91 93 96 99 100 98 93 89 84 83 83 84 86 94 104 131 159 163 165 137 111 84 65 66 73 91 101 102 102 95 96 98 94 85 85 89 95 100 103 105 107 110 111 110 107 105 100 95 90 86 84 84 83 84 85 89 97 98 97 93 88 86 85 98 113 132 151 155 157 149 141 137 132 125 119 112 107 106 107 112 115 120 120 120 118 116 116 114 113 110 106 103 99 96 95 94 94 95 97 99 99 97 92 88 84 83 81 83 86 99 115 140 168 164 159 126 98 82 70 68 70 82 89 92 93 96 97 100 95 83 82 85 92 99 104 108 113 120 118 116 111 106 99 93 87 84 83 83 85 87 89 93 101 102 100 95 89 88 87 99 112 128 145 149 152 145 142 145 145 137 129 120 113 110 111 114 117 121 122 122 121 120 114 107 107 106 104 104 102 100 99 98 97 97 97 97 97 95 90 87 84 82 79 82 87 105 127 150 175 163 149 114 84 81 78 72 68 73 77 81 83 93 95 99 95 86 86 90 95 100 103 105 111 118 114 109 103 98 91 85 81 79 79 81 86 91 97 100 102 101 99 95 89 87 85 93 101 114 127 134 139 139 139 141 141 137 132 128 124 122 120 121 121 123 123 122 122 122 114 105 105 105 105 106 104 103 100 98 96 94 93 92 92 90 87 85 84 82 77 81 87 108 133 152 172 154 136 103 78 88 94 82 73 72 72 79 82 90 93 98 96 90 91 96 99 102 102 102 108 114 107 100 93 87 81 76 74 73 75 79 88 96 106 108 103 100 98 94 89 86 83 85 88 97 106 117 126 131 136 135 134 135 135 136 135 134 131 129 127 125 124 123 124 125 115 103 103 105 107 108 106 105 101 98 94 90 87 86 85 84 83 83 85 82 75 79 86 110 140 153 166 144 122 93 72 97 111 93 80 71 69 77 81 90 93 99 98 92 93 98 99 101 99 97 98 100 93 86 80 75 74 72 72 73 75 80 90 100 112 112 104 100 96 92 88 86 85 85 85 90 95 105 114 123 130 130 130 132 133 134 135 135 132 129 127 125 123 121 121 121 113 104 105 107 108 108 106 104 99 95 91 87 85 85 85 83 79 81 86 83 75 78 84 109 139 147 155 133 111 93 82 109 125 102 85 75 74 84 89 90 93 101 100 95 96 100 100 99 95 91 88 85 78 72 67 63 66 68 70 72 76 82 93 104 118 117 106 99 93 89 86 86 87 85 83 84 84 93 102 114 123 125 126 128 130 132 133 134 133 130 127 124 122 119 118 116 111 105 107 109 109 109 106 102 97 92 87 84 83 83 84 82 75 78 88 85 76 77 82 107 137 141 144 122 101 94 92 122 138 110 90 80 79 92 98 93 96 103 102 96 97 100 101 100 96 93 87 81 74 68 66 66 71 75 77 79 81 86 95 106 120 119 110 101 92 88 84 87 91 91 92 89 87 92 97 108 117 129 135 132 130 127 126 125 126 126 125 125 123 120 117 114 110 107 108 109 108 107 103 99 93 89 85 83 84 85 88 84 73 75 89 86 76 76 80 103 133 134 133 114 96 99 105 129 142 112 91 84 85 100 107 95 98 104 103 97 98 100 101 100 97 94 86 77 71 65 66 68 75 81 84 86 86 89 97 107 121 121 113 103 92 87 83 88 95 97 99 94 89 91 92 101 111 130 142 136 131 124 120 119 119 122 124 125 123 120 116 112 110 109 109 109 107 106 101 96 90 87 83 83 85 86 90 85 71 73 88 86 76 76 78 100 129 128 124 107 92 103 115 134 143 111 90 88 91 106 113 96 97 100 98 92 94 99 103 106 100 93 85 78 74 70 71 73 76 78 80 82 87 93 103 110 118 118 114 106 95 89 84 86 90 92 93 90 87 85 84 87 93 110 124 135 140 139 135 127 125 126 127 129 125 119 114 109 107 107 107 107 104 101 98 95 95 94 89 86 82 79 79 76 68 71 81 80 72 75 82 102 127 124 118 102 87 97 106 116 118 92 79 91 97 97 96 96 96 97 94 88 91 98 104 110 102 91 84 78 76 73 75 76 75 75 76 78 88 96 107 113 115 115 113 107 97 90 85 85 87 88 89 87 85 81 77 76 79 93 108 132 147 150 147 135 130 129 130 132 126 118 112 106 105 104 104 105 101 97 95 94 98 99 94 88 79 73 70 69 67 70 77 76 70 76 86 104 125 120 112 97 83 92 98 100 97 78 71 93 100 87 81 94 94 96 93 87 90 96 102 106 98 88 81 75 75 74 74 73 70 67 68 72 85 96 109 116 117 115 108 101 92 87 81 82 84 85 86 84 82 79 77 78 80 86 96 120 137 147 148 141 136 133 131 129 123 116 110 105 103 101 101 102 97 94 93 92 96 97 93 89 81 76 74 73 73 76 82 82 79 84 92 105 121 115 106 94 81 88 93 91 88 81 80 90 90 74 66 92 93 96 93 87 89 94 99 103 95 84 77 70 73 74 72 69 64 59 60 65 81 94 108 115 116 112 102 94 87 82 77 78 81 82 83 81 80 78 78 80 81 80 85 109 128 142 148 145 140 135 130 126 120 114 109 104 101 97 97 98 94 91 90 90 93 95 93 89 82 78 77 77 77 80 85 87 87 92 98 106 117 110 101 91 81 87 91 85 82 85 87 87 81 64 56 91 92 94 92 86 88 91 95 97 89 80 71 63 67 70 66 62 54 48 49 54 70 83 96 102 103 98 89 82 76 73 70 71 74 76 78 78 77 79 82 86 88 78 76 96 114 133 144 145 141 134 128 122 117 113 108 104 99 93 94 95 92 89 88 87 91 93 91 88 83 80 81 81 80 82 87 91 94 99 105 108 111 104 96 90 85 90 93 85 81 89 93 81 71 60 55 92 92 93 91 86 87 88 91 93 85 76 68 59 63 67 63 58 49 42 43 49 63 73 85 89 90 86 78 72 68 65 63 66 69 71 74 75 76 81 85 92 94 78 70 86 102 124 137 143 140 131 124 118 114 112 108 104 98 91 92 93 90 87 86 84 88 90 89 87 83 81 83 83 80 82 87 93 100 105 110 109 107 100 93 91 91 94 97 87 81 91 94 77 66 64 62 95 94 94 90 85 85 86 87 88 81 73 66 58 62 66 62 59 52 47 48 51 59 65 69 72 73 71 67 63 59 58 58 61 65 66 69 72 74 83 90 99 103 83 72 81 92 112 125 135 133 124 118 113 111 111 107 103 97 90 91 93 89 86 84 82 85 87 86 84 81 80 83 82 77 79 84 92 104 110 115 110 102 97 93 96 99 102 104 94 86 88 85 72 69 83 90 97 96 94 90 85 83 84 84 84 78 72 66 60 64 67 64 62 59 56 58 59 61 62 61 62 63 63 61 59 56 56 57 59 64 64 66 69 72 83 92 102 107 88 75 78 85 102 115 127 127 120 115 110 108 109 106 101 95 90 92 94 90 87 83 81 84 85 84 82 79 79 82 81 76 77 82 93 107 113 117 109 98 95 93 99 105 107 107 96 86 83 79 74 80 106 119 101 99 95 90 84 82 81 81 80 77 73 69 65 68 71 71 72 74 76 80 80 74 68 60 58 60 62 63 62 60 61 62 63 65 66 65 68 70 80 89 101 106 92 81 76 79 92 104 117 120 117 113 108 107 105 102 96 94 92 94 96 92 88 85 82 83 84 81 79 76 76 80 80 76 78 83 94 110 115 118 108 94 93 91 101 109 108 106 92 81 75 73 86 105 141 159 103 101 95 90 84 81 80 80 79 77 75 71 68 71 73 74 77 84 89 95 95 84 74 62 59 61 64 67 67 67 68 69 70 70 69 67 67 68 77 85 96 102 93 84 76 75 85 96 110 115 116 113 108 106 103 98 92 92 93 95 97 94 90 86 83 83 83 80 77 74 74 78 79 79 81 86 98 113 116 117 106 92 91 90 99 107 106 102 87 76 73 78 103 130 169 188 106 102 95 89 83 81 78 78 78 78 79 75 70 72 74 76 78 90 99 109 110 95 82 67 63 66 70 76 77 78 79 81 81 80 76 71 68 65 71 77 86 92 89 86 76 73 79 88 104 111 115 114 109 104 99 94 88 91 94 96 99 95 93 88 85 85 84 79 76 73 73 77 81 85 89 94 104 117 118 116 103 88 87 86 94 101 99 94 79 69 79 94 130 162 198 215 107 102 94 88 83 81 78 78 79 80 83 80 76 78 79 79 80 92 102 115 117 102 89 72 67 70 75 82 84 85 87 90 90 90 85 78 72 66 69 72 79 84 85 84 76 73 76 84 99 107 114 113 108 103 97 93 90 91 93 95 99 97 95 90 87 86 85 80 76 72 72 76 82 89 95 100 108 118 117 113 101 87 85 84 90 95 92 87 77 74 96 119 155 184 212 225 106 101 92 86 83 81 78 79 80 83 88 87 85 86 87 84 82 91 100 116 121 108 96 78 72 75 80 87 89 92 95 98 101 102 96 89 80 71 70 69 74 77 79 79 76 74 75 81 94 102 111 111 107 101 95 94 95 93 90 94 99 98 97 93 90 88 87 81 77 73 72 76 83 94 101 107 113 119 115 108 98 86 84 83 86 88 83 79 80 87 125 156 185 206 221 227 105 100 90 86 83 81 79 80 81 86 92 95 98 99 100 93 88 93 100 116 123 113 102 85 78 80 83 87 90 94 98 104 107 110 104 97 86 76 72 69 72 75 76 77 77 75 76 79 89 98 107 108 105 100 94 97 101 96 88 93 98 98 98 95 92 90 88 82 78 74 73 77 84 96 104 110 114 118 113 105 96 86 85 84 84 84 79 76 88 105 151 186 205 216 221 223 104 99 89 85 83 82 81 82 83 88 95 105 115 116 116 105 97 97 100 116 124 118 109 94 87 87 86 84 87 93 100 108 113 117 111 104 93 82 75 71 73 74 75 76 78 78 77 78 85 92 102 104 102 98 95 101 110 100 86 91 97 98 99 96 94 93 91 85 80 75 74 78 85 97 106 113 115 116 111 101 94 87 86 85 83 82 76 74 99 127 181 217 222 223 219 216 106 101 91 87 87 89 93 91 87 92 98 109 119 118 117 107 100 102 106 118 122 113 102 87 81 84 83 81 84 90 97 106 111 115 111 106 97 88 82 77 77 77 78 79 79 78 77 78 82 88 97 102 105 104 102 102 104 97 89 93 97 98 98 95 93 91 89 83 80 79 82 90 97 105 108 108 109 111 106 97 98 99 94 87 89 91 93 100 132 163 198 222 224 225 221 219 110 104 93 91 92 99 109 104 93 96 102 111 120 116 113 106 102 108 114 121 120 103 90 75 71 77 78 76 80 86 93 102 106 110 108 106 100 96 90 86 82 81 83 84 80 78 77 77 79 85 92 100 111 113 112 103 92 91 92 95 98 97 96 93 91 88 85 81 81 85 93 107 114 116 111 100 99 105 101 94 103 116 104 89 97 106 120 136 176 207 215 219 221 224 224 225 105 99 88 87 91 99 109 101 88 88 91 90 90 88 86 83 81 89 96 103 104 92 83 72 69 74 74 72 76 85 94 105 112 119 119 118 112 107 99 94 89 87 89 90 84 82 81 80 82 86 91 99 108 110 110 101 89 91 96 98 101 100 99 95 92 90 88 85 84 89 97 110 117 119 114 103 102 106 109 113 136 165 156 142 148 155 166 178 196 211 214 216 220 223 226 227 98 93 82 82 89 96 104 95 80 77 76 64 51 52 52 53 55 63 71 79 83 79 76 70 69 71 70 67 73 84 96 111 120 131 132 133 126 119 110 102 97 93 95 96 90 87 86 85 87 89 92 97 103 105 105 98 88 93 100 103 106 104 102 97 94 93 92 90 89 93 99 110 117 121 118 108 107 109 121 138 178 224 220 210 213 215 221 223 214 206 210 213 218 222 227 229 97 92 80 80 88 92 97 85 68 64 62 52 42 42 41 41 42 46 51 56 61 64 66 67 68 68 67 65 70 79 89 102 110 118 120 122 118 114 109 104 101 98 97 96 91 90 90 89 89 89 91 95 101 105 107 103 96 100 105 108 111 108 106 100 96 96 96 95 95 97 102 110 115 117 115 109 107 108 119 135 181 235 235 230 227 225 225 224 213 205 209 213 218 223 228 231 97 91 78 78 86 88 88 74 56 51 47 41 35 33 31 30 29 29 30 32 37 48 56 64 67 65 64 62 66 73 81 91 97 103 106 109 108 108 107 106 105 103 98 95 93 93 94 94 92 90 89 92 98 104 110 109 106 108 110 113 117 113 110 104 99 100 100 101 101 102 105 110 112 113 112 110 108 106 116 130 180 242 247 247 238 230 226 221 211 204 208 212 219 225 230 233 102 95 79 77 83 82 78 67 53 50 49 52 55 50 45 43 41 40 38 35 36 46 54 63 65 62 60 58 59 63 67 73 76 78 80 82 83 85 88 90 91 92 91 91 94 97 101 101 95 91 86 89 97 105 114 114 113 114 114 117 121 116 111 105 100 102 104 106 106 106 107 109 109 107 108 110 110 109 106 101 149 212 230 244 234 224 220 215 210 207 212 216 223 228 232 235 107 98 80 76 80 76 68 60 50 49 51 62 74 66 59 56 53 51 46 39 36 44 52 62 64 60 57 54 53 54 54 55 55 55 55 56 60 64 69 73 77 80 83 87 94 100 107 107 98 91 84 86 96 105 117 119 120 119 117 120 124 118 112 106 101 104 107 110 111 109 108 108 106 103 105 111 112 111 96 73 118 181 212 242 230 218 214 210 209 210 215 220 226 230 234 236 105 95 74 69 71 66 58 56 54 58 65 71 78 70 63 64 64 63 61 54 50 53 57 64 65 61 58 53 53 54 54 55 55 54 53 53 53 54 57 60 62 65 72 79 91 101 112 113 105 97 87 89 97 104 114 115 114 116 118 121 125 119 113 107 103 106 110 112 113 111 109 106 109 118 121 122 123 122 90 46 85 144 194 245 236 227 220 213 211 211 216 220 225 229 233 235 102 91 69 62 62 57 49 52 57 66 77 79 82 74 67 70 72 74 73 66 63 62 62 66 66 62 59 55 55 56 56 57 57 55 53 51 49 47 48 49 50 53 61 72 87 100 115 117 110 101 91 92 97 104 112 112 110 114 119 122 125 119 113 107 104 108 112 114 115 112 109 105 113 131 136 133 131 130 86 22 56 109 176 246 240 234 223 215 213 212 216 220 225 229 233 235 95 83 58 50 52 48 41 48 58 68 79 80 80 74 68 69 69 72 72 69 67 67 68 72 72 70 69 68 69 70 70 71 69 68 65 62 59 57 57 56 57 57 57 59 74 87 103 110 108 105 97 98 101 105 110 110 106 112 120 121 123 117 112 108 106 112 116 117 117 113 110 107 117 144 148 138 134 131 84 18 38 76 149 227 230 231 219 208 209 211 214 217 223 227 230 232 89 76 48 41 43 41 36 45 59 69 79 80 80 76 71 70 69 72 73 73 74 74 75 79 79 78 79 80 80 81 81 82 80 78 75 71 69 66 65 65 66 64 54 49 61 73 90 100 105 106 102 102 104 106 109 108 105 112 120 120 121 116 111 109 109 115 119 119 119 114 110 109 121 151 155 141 137 134 86 17 25 49 123 205 218 229 216 205 208 211 212 215 221 225 228 230 82 68 39 34 41 42 39 49 61 67 72 78 84 84 85 82 81 80 80 85 88 90 91 92 91 88 88 88 88 89 88 87 85 83 80 78 77 76 77 78 81 78 59 47 48 52 66 78 93 101 103 104 103 105 107 108 109 114 121 120 120 115 111 112 113 119 123 122 120 115 113 113 122 143 146 137 139 146 100 31 25 31 92 161 195 226 222 218 215 213 215 217 220 224 227 228 76 62 32 29 41 44 44 54 66 67 68 77 85 92 97 95 94 92 91 99 104 108 108 105 102 96 94 91 91 92 91 90 88 86 84 82 82 82 85 87 91 88 65 47 38 36 46 59 82 95 103 104 101 102 104 107 112 116 121 120 119 115 111 113 116 122 127 124 121 116 114 116 122 135 139 137 145 160 117 50 30 17 64 119 171 221 225 227 221 217 217 219 221 223 226 227 70 57 28 29 47 53 56 65 75 73 68 76 83 98 111 114 116 114 115 125 132 136 132 121 111 101 92 83 81 83 84 85 85 85 84 83 84 84 87 89 92 90 73 57 36 25 29 41 70 87 98 99 95 95 98 105 114 118 122 121 119 115 112 115 118 125 129 126 122 117 115 118 123 129 137 146 163 185 148 88 49 10 35 66 137 206 220 232 227 223 223 223 223 224 225 226 73 60 30 32 51 60 67 74 82 79 75 82 89 106 120 124 127 131 135 145 152 151 145 131 120 107 96 84 80 80 80 81 81 82 82 83 84 84 87 89 91 90 78 63 36 20 19 30 61 80 94 96 91 91 94 103 115 120 124 122 120 116 113 117 121 126 130 126 123 120 119 124 128 131 137 145 167 198 169 117 64 7 15 30 101 170 204 231 230 228 228 227 227 226 226 226 92 77 44 39 50 65 83 85 83 90 98 104 110 117 122 123 126 142 155 162 163 151 142 135 128 118 110 100 93 85 81 77 76 77 77 78 80 81 84 86 87 86 78 66 41 25 20 28 53 72 90 94 92 92 95 103 115 122 129 125 121 119 116 120 122 124 125 123 123 125 128 135 142 150 144 125 147 193 178 143 80 8 6 10 49 89 162 224 229 232 234 234 232 229 229 228 101 85 50 43 50 67 90 90 84 95 109 115 120 122 123 122 125 148 165 170 168 151 141 137 132 124 117 108 99 88 81 75 74 75 75 76 78 80 82 84 85 84 78 68 43 27 20 27 50 69 88 93 92 93 95 103 115 123 131 127 122 120 118 121 123 123 123 122 123 128 133 141 149 159 147 116 138 190 182 155 88 9 2 1 24 50 142 220 228 234 237 237 234 231 230 229
